name,label
raining/images - 2020-02-29T162358.724.jpg,raining
raining/images - 2020-02-29T162420.864.jpg,raining
raining/9k_ (11).jpg,raining
raining/images - 2020-02-29T162435.666.jpg,raining
raining/images (44).jpg,raining
raining/images - 2020-02-29T162356.001.jpg,raining
raining/images (13).jpg,raining
raining/images - 2020-02-29T162429.696.jpg,raining
raining/images - 2020-02-29T162418.429.jpg,raining
raining/images (68).jpg,raining
raining/images - 2020-02-29T162423.622.jpg,raining
raining/images - 2020-02-29T162436.767.jpg,raining
raining/images - 2020-02-29T162351.083.jpg,raining
raining/images - 2020-02-29T162425.667.jpg,raining
raining/images - 2020-02-29T162430.656.jpg,raining
raining/images - 2020-02-29T162433.795.jpg,raining
raining/images (29).jpg,raining
raining/images - 2020-02-29T162428.297.jpg,raining
raining/images - 2020-02-29T162437.616.jpg,raining
raining/images (91).jpg,raining
raining/images - 2020-02-29T162406.318.jpg,raining
raining/images - 2020-02-29T162350.899.jpg,raining
raining/images - 2020-02-29T162357.615.jpg,raining
raining/images - 2020-02-29T162406.681.jpg,raining
raining/images (48).jpg,raining
raining/images - 2020-02-29T162419.823.jpg,raining
raining/images - 2020-02-29T162350.721.jpg,raining
raining/images (64).jpg,raining
raining/images - 2020-02-29T162432.624.jpg,raining
raining/images - 2020-02-29T162410.148.jpg,raining
raining/images - 2020-02-29T162439.520.jpg,raining
raining/images - 2020-02-29T162415.233.jpg,raining
raining/images - 2020-02-29T162402.071.jpg,raining
raining/images - 2020-02-29T162352.219.jpg,raining
raining/images - 2020-02-29T162422.768.jpg,raining
raining/images (73).jpg,raining
raining/images - 2020-02-29T162439.336.jpg,raining
raining/images - 2020-02-29T162359.121.jpg,raining
raining/images - 2020-02-29T162408.176.jpg,raining
raining/images (32).jpg,raining
raining/images (65).jpg,raining
raining/images - 2020-02-29T162421.053.jpg,raining
raining/images - 2020-02-29T162407.045.jpg,raining
raining/images - 2020-02-29T162420.724.jpg,raining
raining/images (49).jpg,raining
raining/images - 2020-02-29T162414.227.jpg,raining
raining/images - 2020-02-29T162402.276.jpg,raining
raining/images - 2020-02-29T162414.796.jpg,raining
raining/images - 2020-02-29T162406.485.jpg,raining
raining/images - 2020-02-29T162420.487.jpg,raining
raining/images - 2020-02-29T162353.579.jpg,raining
raining/images (28).jpg,raining
raining/images - 2020-02-29T162417.480.jpg,raining
raining/images - 2020-02-29T162422.569.jpg,raining
raining/images - 2020-02-29T162400.775.jpg,raining
raining/images - 2020-02-29T162418.149.jpg,raining
raining/images (86).jpg,raining
raining/images - 2020-02-29T162422.186.jpg,raining
raining/images - 2020-02-29T162400.239.jpg,raining
raining/images (12).jpg,raining
raining/images (45).jpg,raining
raining/images (53).jpg,raining
raining/images - 2020-02-29T162423.021.jpg,raining
raining/images - 2020-02-29T162411.407.jpg,raining
raining/9k_ (10).jpg,raining
raining/images - 2020-02-29T162413.700.jpg,raining
raining/images - 2020-02-29T162437.149.jpg,raining
raining/images - 2020-02-29T162352.569.jpg,raining
raining/images - 2020-02-29T162404.041.jpg,raining
raining/images - 2020-02-29T162425.017.jpg,raining
raining/images (58).jpg,raining
raining/images - 2020-02-29T162423.720.jpg,raining
raining/images - 2020-02-29T162401.528.jpg,raining
raining/images - 2020-02-29T162411.528.jpg,raining
raining/images (19).jpg,raining
raining/images - 2020-02-29T162357.265.jpg,raining
raining/Z (8).jpg,raining
raining/images - 2020-02-29T162426.506.jpg,raining
raining/images (62).jpg,raining
raining/images - 2020-02-29T162402.603.jpg,raining
raining/images (35).jpg,raining
raining/images - 2020-02-29T162435.162.jpg,raining
raining/images - 2020-02-29T162428.627.jpg,raining
raining/images (23).jpg,raining
raining/images - 2020-02-29T162417.829.jpg,raining
raining/images (74).jpg,raining
raining/images - 2020-02-29T162434.761.jpg,raining
raining/images - 2020-02-29T162439.032.jpg,raining
raining/images - 2020-02-29T162427.893.jpg,raining
raining/images - 2020-02-29T162410.466.jpg,raining
raining/images - 2020-02-29T162424.207.jpg,raining
raining/images - 2020-02-29T162433.910.jpg,raining
raining/images (54).jpg,raining
raining/images - 2020-02-29T162424.401.jpg,raining
raining/images (42).jpg,raining
raining/images - 2020-02-29T162405.641.jpg,raining
raining/Z (4).jpg,raining
raining/images (15).jpg,raining
raining/images - 2020-02-29T162412.199.jpg,raining
raining/images (81).jpg,raining
raining/images - 2020-02-29T162424.170.jpg,raining
raining/images - 2020-02-29T162433.497.jpg,raining
raining/images - 2020-02-29T162416.026.jpg,raining
raining/images - 2020-02-29T162354.818.jpg,raining
raining/images - 2020-02-29T162357.059.jpg,raining
raining/images (39).jpg,raining
raining/images - 2020-02-29T162411.674.jpg,raining
raining/images - 2020-02-29T162356.699.jpg,raining
raining/images (97).jpg,raining
raining/images - 2020-02-29T162416.350.jpg,raining
raining/images - 2020-02-29T162404.916.jpg,raining
raining/images (78).jpg,raining
raining/images (96).jpg,raining
raining/images - 2020-02-29T162432.910.jpg,raining
raining/images (79).jpg,raining
raining/images - 2020-02-29T162408.511.jpg,raining
raining/images - 2020-02-29T162428.973.jpg,raining
raining/images (38).jpg,raining
raining/images - 2020-02-29T162422.870.jpg,raining
raining/images (80).jpg,raining
raining/images - 2020-02-29T162427.707.jpg,raining
raining/Z (5).jpg,raining
raining/images (43).jpg,raining
raining/images (55).jpg,raining
raining/9k_ (7).jpg,raining
raining/images - 2020-02-29T162416.631.jpg,raining
raining/images - 2020-02-29T162434.559.jpg,raining
raining/images - 2020-02-29T162417.634.jpg,raining
raining/images - 2020-02-29T162434.995.jpg,raining
raining/images (75).jpg,raining
raining/images - 2020-02-29T162410.892.jpg,raining
raining/images (34).jpg,raining
raining/images - 2020-02-29T162426.270.jpg,raining
raining/images - 2020-02-29T162415.478.jpg,raining
raining/Z (9).jpg,raining
raining/images - 2020-02-29T162350.553.jpg,raining
raining/images - 2020-02-29T162431.392.jpg,raining
raining/images - 2020-02-29T162355.204.jpg,raining
raining/images (59).jpg,raining
raining/images - 2020-02-29T162407.353.jpg,raining
raining/images - 2020-02-29T162440.116.jpg,raining
raining/images (76).jpg,raining
raining/images (99).jpg,raining
raining/images - 2020-02-29T162358.000.jpg,raining
raining/images - 2020-02-29T162419.269.jpg,raining
raining/images (21).jpg,raining
raining/images - 2020-02-29T162416.763.jpg,raining
raining/images (60).jpg,raining
raining/images - 2020-02-29T162439.831.jpg,raining
raining/images - 2020-02-29T162407.997.jpg,raining
raining/images - 2020-02-29T162355.817.jpg,raining
raining/images - 2020-02-29T162437.250.jpg,raining
raining/images - 2020-02-29T162407.571.jpg,raining
raining/images (100).jpg,raining
raining/images (9).jpg,raining
raining/9k_ (8).jpg,raining
raining/images - 2020-02-29T162411.859.jpg,raining
raining/images - 2020-02-29T162413.545.jpg,raining
raining/images - 2020-02-29T162416.416.jpg,raining
raining/images (95).jpg,raining
raining/images - 2020-02-29T162439.211.jpg,raining
raining/images - 2020-02-29T162440.303.jpg,raining
raining/images - 2020-02-29T162350.367.jpg,raining
raining/images - 2020-02-29T162409.256.jpg,raining
raining/images - 2020-02-29T162403.143.jpg,raining
raining/images - 2020-02-29T162415.674.jpg,raining
raining/2Q__ (2).jpg,raining
raining/images (83).jpg,raining
raining/images - 2020-02-29T162425.419.jpg,raining
raining/images - 2020-02-29T162431.798.jpg,raining
raining/images - 2020-02-29T162418.333.jpg,raining
raining/Z (6).jpg,raining
raining/images - 2020-02-29T162353.138.jpg,raining
raining/images (40).jpg,raining
raining/images - 2020-02-29T162415.846.jpg,raining
raining/images (5).jpg,raining
raining/images - 2020-02-29T162437.333.jpg,raining
raining/images (56).jpg,raining
raining/9k_ (4).jpg,raining
raining/images - 2020-02-29T162351.834.jpg,raining
raining/images - 2020-02-29T162350.170.jpg,raining
raining/images - 2020-02-29T162412.033.jpg,raining
raining/images - 2020-02-29T162430.415.jpg,raining
raining/images - 2020-02-29T162422.070.jpg,raining
raining/images - 2020-02-29T162402.427.jpg,raining
raining/images - 2020-02-29T162425.811.jpg,raining
raining/images - 2020-02-29T162409.441.jpg,raining
raining/images (41).jpg,raining
raining/Z (7).jpg,raining
raining/images - 2020-02-29T162401.902.jpg,raining
raining/images - 2020-02-29T162414.884.jpg,raining
raining/images (16).jpg,raining
raining/images - 2020-02-29T162353.868.jpg,raining
raining/images - 2020-02-29T162429.188.jpg,raining
raining/2Q__ (3).jpg,raining
raining/images - 2020-02-29T162434.632.jpg,raining
raining/images (82).jpg,raining
raining/images - 2020-02-29T162425.186.jpg,raining
raining/images - 2020-02-29T162426.045.jpg,raining
raining/images - 2020-02-29T162436.079.jpg,raining
raining/images - 2020-02-29T162431.213.jpg,raining
raining/images - 2020-02-29T162419.483.jpg,raining
raining/images (94).jpg,raining
raining/images - 2020-02-29T162417.165.jpg,raining
raining/images - 2020-02-29T162439.940.jpg,raining
raining/9k_ (9).jpg,raining
raining/images - 2020-02-29T162358.549.jpg,raining
raining/images (61).jpg,raining
raining/images - 2020-02-29T162432.112.jpg,raining
raining/images - 2020-02-29T162350.002.jpg,raining
raining/images (36).jpg,raining
raining/images - 2020-02-29T162412.394.jpg,raining
raining/images (20).jpg,raining
raining/images - 2020-02-29T162410.681.jpg,raining
raining/images (77).jpg,raining
raining/images (98).jpg,raining
raining/images (93).jpg,raining
raining/images - 2020-02-29T162436.343.jpg,raining
raining/images - 2020-02-29T162408.958.jpg,raining
raining/images - 2020-02-29T162357.804.jpg,raining
raining/images - 2020-02-29T162359.884.jpg,raining
raining/images - 2020-02-29T162400.590.jpg,raining
raining/images - 2020-02-29T162435.486.jpg,raining
raining/images - 2020-02-29T162355.647.jpg,raining
raining/images (11).jpg,raining
raining/images - 2020-02-29T162359.488.jpg,raining
raining/images - 2020-02-29T162430.059.jpg,raining
raining/images - 2020-02-29T162418.030.jpg,raining
raining/images (50).jpg,raining
raining/images - 2020-02-29T162401.151.jpg,raining
raining/images - 2020-02-29T162427.386.jpg,raining
raining/images (27).jpg,raining
raining/images - 2020-02-29T162428.854.jpg,raining
raining/images - 2020-02-29T162412.870.jpg,raining
raining/images - 2020-02-29T162411.025.jpg,raining
raining/images - 2020-02-29T162359.676.jpg,raining
raining/images - 2020-02-29T162432.413.jpg,raining
raining/images - 2020-02-29T162421.513.jpg,raining
raining/images - 2020-02-29T162434.293.jpg,raining
raining/images - 2020-02-29T162424.536.jpg,raining
raining/images - 2020-02-29T162432.759.jpg,raining
raining/images - 2020-02-29T162409.797.jpg,raining
raining/images - 2020-02-29T162400.421.jpg,raining
raining/images - 2020-02-29T162404.213.jpg,raining
raining/images - 2020-02-29T162404.373.jpg,raining
raining/images - 2020-02-29T162403.858.jpg,raining
raining/images - 2020-02-29T162403.327.jpg,raining
raining/images - 2020-02-29T162431.932.jpg,raining
raining/images - 2020-02-29T162436.224.jpg,raining
raining/images (67).jpg,raining
raining/images (88).jpg,raining
raining/images (30).jpg,raining
raining/images - 2020-02-29T162356.437.jpg,raining
raining/images - 2020-02-29T162438.515.jpg,raining
raining/images - 2020-02-29T162351.475.jpg,raining
raining/9k_ (12).jpg,raining
raining/9k_ (3).jpg,raining
raining/images - 2020-02-29T162352.950.jpg,raining
raining/images - 2020-02-29T162418.801.jpg,raining
raining/images (47).jpg,raining
raining/Z (1).jpg,raining
raining/images (10).jpg,raining
raining/images - 2020-02-29T162352.399.jpg,raining
raining/images - 2020-02-29T162423.410.jpg,raining
raining/images - 2020-02-29T162430.289.jpg,raining
raining/images - 2020-02-29T162431.071.jpg,raining
raining/images (84).jpg,raining
raining/images - 2020-02-29T162411.208.jpg,raining
raining/images - 2020-02-29T162419.232.jpg,raining
raining/images - 2020-02-29T162408.790.jpg,raining
raining/images (92).jpg,raining
raining/images - 2020-02-29T162437.815.jpg,raining
sunny/hot_weather.jpg,sunny
sunny/emily_ratajkowski_soaks_up_the_sunny_weather_in_nyc_04.jpg,sunny
sunny/katie_holmes_enjoys_the_sunny_weather_in_nyc_01.jpg,sunny
sunny/exceptionally_sunny_weather_6252c02bcf38d3deb3b02376357d6deb.jpg,sunny
sunny/the_warm_weather_brought_buskers_out_in_the_market_saturday.jpeg,sunny
sunny/corn_field_and_the_clear_sunny_weather_mvh.jpg,sunny
sunny/images (44).jpg,sunny
sunny/beautiful_hot_sunny_weather.jpg,sunny
sunny/hastings_east_sussex_uk_27th_jun_2018_uk_weather_the_hot_and_sunny_weather_continues_in_hastings_eas.jpg,sunny
sunny/19546524_web1_190220_KCN_Weather.jpg,sunny
sunny/summer_alpine_meadow_in_sunny_weather_FF8DDW.jpg,sunny
sunny/images (68).jpg,sunny
sunny/spring_108434_1280.jpg,sunny
sunny/image (5).jpg,sunny
sunny/images - 2020-02-29T164504.077.jpg,sunny
sunny/making_the_most_of_the_sunny_weather_picture_id953957280.jpg,sunny
sunny/images - 2020-02-29T164434.872.jpg,sunny
sunny/IMG_20190515_121954.jpg,sunny
sunny/images (91).jpg,sunny
sunny/images - 2020-02-29T164229.934.jpg,sunny
sunny/sunny_weather_set_to_continue_in_morzine_morzine_2.jpg,sunny
sunny/images (48).jpg,sunny
sunny/c4eee054c110bfa6473dc0f16e0c5b00.jpg,sunny
sunny/db59b71defb0a463fb8fccf0c5e869a4.jpg,sunny
sunny/images - 2020-02-29T164314.099.jpg,sunny
sunny/images (64).jpg,sunny
sunny/20180703_124251_largejpg.jpg,sunny
sunny/hot_sunny_weather_the_palm_trees_give_this_beach_scene_a_tropical_feel_as_people_enjoy_the_beach_nex.jpg,sunny
sunny/image (9).jpg,sunny
sunny/images (33).jpg,sunny
sunny/images - 2020-02-29T164152.645.jpg,sunny
sunny/images - 2020-02-29T164219.782.jpg,sunny
sunny/images (25).jpg,sunny
sunny/depositphotos_294315330_stock_photo_balaklava_bay_sunny_weather_crimea.jpg,sunny
sunny/e84e5c2cb4c7f3592eacc0128a5365ed.jpg,sunny
sunny/photo_verybig_200026.jpg,sunny
sunny/images - 2020-02-29T164453.878.jpg,sunny
sunny/photo_verybig_202802.jpg,sunny
sunny/beautiful_summer_landscape_in_mountains_ridge_rolling_in_the_distance_sunny_weather_fluffy_clouds_on.jpg,sunny
sunny/image (8).jpg,sunny
sunny/images (65).jpg,sunny
sunny/Sky_Sunny (1).jpg,sunny
sunny/AP_18194738299843.jpg,sunny
sunny/images_2.jpg,sunny
sunny/images - 2020-02-29T164051.333.jpg,sunny
sunny/images - 2020-02-29T164346.384.jpg,sunny
sunny/sunny_sxc.jpg,sunny
sunny/images (49).jpg,sunny
sunny/images - 2020-02-29T164527.917.jpg,sunny
sunny/9414770.jpg,sunny
sunny/images - 2020-02-29T164441.767.jpg,sunny
sunny/photo_verybig_201107.jpg,sunny
sunny/ce946064a1f6f61c21a1236277df2859_1400x.progressive.jpg,sunny
sunny/image (11).jpg,sunny
sunny/11192019_weather_150653_780x520.jpg,sunny
sunny/images - 2020-02-29T164341.265.jpg,sunny
sunny/janakantha_news_1179.jpg,sunny
sunny/images - 2020-02-29T164554.253.jpg,sunny
sunny/images - 2020-02-29T164419.386.jpg,sunny
sunny/people_enjoy_the_fine_weather_as_they_gather_around_the_news_photo_985666544_1533554238.jpg,sunny
sunny/megaliths_of_carnac.jpg,sunny
sunny/image (4).jpg,sunny
sunny/Saturday_Liam_Hemsworth_embraced_sunny_weather_Malibu_CA.jpeg,sunny
sunny/images (86).jpg,sunny
sunny/images (69).jpg,sunny
sunny/images - 2020-02-29T164502.396.jpg,sunny
sunny/summer_landscape_in_sunny_weather_forest_trees_growing_at_the_bank_of_picture_id1149515862.jpg,sunny
sunny/images (45).jpg,sunny
sunny/images (53).jpg,sunny
sunny/exceptionally_sunny_weather_99503d97a6af9620ca910e7de0bc1160.jpg,sunny
sunny/katie_holmes_enjoys_the_sunny_weather_in_nyc_05.jpg,sunny
sunny/images - 2020-02-29T163949.100.jpg,sunny
sunny/images - 2020-02-29T163923.112.jpg,sunny
sunny/images (58).jpg,sunny
sunny/seagull_on_the_boat_sunny_weather_very_hot_nice_sea_landscape_RFCMHJ.jpg,sunny
sunny/gisele_bundchen_enjoys_the_sunny_weather_in_nyc_03.jpg,sunny
sunny/sun_shining_through_the_tree_tops_with_clouds_in_a_blue_sky_example_of_sunny_weather_or_summer_weath.jpg,sunny
sunny/depositphotos_85045698_Autumn_landscape_city_park_in_sunny_weather.jpg,sunny
sunny/images (35).jpg,sunny
sunny/gisele_bundchen_enjoys_the_sunny_weather_in_nyc_02.jpg,sunny
sunny/enjoying_the_sunny_weather.jpg,sunny
sunny/images (23).jpg,sunny
sunny/images - 2020-02-29T164606.125.jpg,sunny
sunny/yellow_rape_field_in_spring_in_sunny_weather_picture_id945100582.jpg,sunny
sunny/images (74).jpg,sunny
sunny/images - 2020-02-29T164438.348.jpg,sunny
sunny/depositphotos_201393844_stock_photo_fine_sunny_weather_some_clouds.jpg,sunny
sunny/images - 2020-02-29T164319.144.jpg,sunny
sunny/1_ppTkphUnJbRCXsgnc50jrw.jpeg,sunny
sunny/thursday_s_weather_good_sunny_spells_with_some_light_rain_later.jpg,sunny
sunny/images - 2020-02-29T164149.251.jpg,sunny
sunny/images (54).jpg,sunny
sunny/65a92689d0d5cade7167b38dbcfcc3a1__sunny_weather_clouds.jpg,sunny
sunny/images - 2020-02-29T164127.263.jpg,sunny
sunny/8_walks_you_need_to_try_today_to_make_the_most_of_this_sunny_weather (2).jpg,sunny
sunny/calgary_sept_13_insta.png,sunny
sunny/6463939.jpg,sunny
sunny/5133227cf2cd1e3533ec5d864eae3f33__hawaiian_electric_sunny_weather.jpg,sunny
sunny/sunny_weather_and_blue_sky_at_church_cove_gunwalloe_in_cornwall_uk_picture_id929120432.jpg,sunny
sunny/photo_verybig_199551.jpg,sunny
sunny/beach_holiday_vacation_photo_123rf.jpg,sunny
sunny/photo_verybig_197226.jpg,sunny
sunny/images (81).jpg,sunny
sunny/5C3EU473PRGQNGJGQ7KKP7BJ5Q.jpg,sunny
sunny/Coronado_Lifeguards.jpg,sunny
sunny/images - 2020-02-29T164322.576.jpg,sunny
sunny/friday_s_weather_dry_with_sunny_spells_top_temperatures_10c_to_13c.jpg,sunny
sunny/image (3).jpg,sunny
sunny/landscape_with_trees_during_sunny_weather_picture_id1149951915.jpg,sunny
sunny/empty_beach_with_blue_water_and_golden_sand_in_sunny_weather_RX0XJP.jpg,sunny
sunny/depositphotos_191924358_stock_photo_people_enjoying_the_sunny_weather.jpg,sunny
sunny/8445dcf9a0486f204724f026ba7da5ff.jpg,sunny
sunny/Luna_Park_Charity_Opening_Day_Katz_0026_1024x683.jpg,sunny
sunny/images (96).jpg,sunny
sunny/pond4_25040385_640x400.jpg,sunny
sunny/images (79).jpg,sunny
sunny/images - 2020-02-29T164331.062.jpg,sunny
sunny/G7P5ZQWY3NBTHCPVOUDEMRMVEU.jpg,sunny
sunny/fishing_opener.jpg,sunny
sunny/images - 2020-02-29T164533.216.jpg,sunny
sunny/gisele_bundchen_enjoys_the_sunny_weather_in_nyc_05.jpg,sunny
sunny/sunflower_2785420_960_720_2.jpg,sunny
sunny/image (2).jpg,sunny
sunny/images (38).jpg,sunny
sunny/JS91782860.jpg,sunny
sunny/images (80).jpg,sunny
sunny/images (14).jpg,sunny
sunny/34710388f6426716ba51aac7c7171a72.jpg,sunny
sunny/eastbourne_east_sussex_uk_13th_feb_2019_uk_weather_sunny_weather_in_eastbourne_today_with_highs_of_1.jpg,sunny
sunny/stock_photo_nature_beauty_in_nature_power_in_nature_mountains_mother_nature_sunny_day_natures_perfec (2).jpg,sunny
sunny/inline_image_preview (1).jpg,sunny
sunny/7676247.jpg,sunny
sunny/images - 2020-02-29T164550.776.jpg,sunny
sunny/images - 2020-02-29T164106.796.jpg,sunny
sunny/images (55).jpg,sunny
sunny/220013270_e3218419_f6a9_47f4_a93f_9d26cf765fe9.jpg,sunny
sunny/stock_photo_nature_beauty_in_nature_power_in_nature_mountains_mother_nature_sunny_day_natures_perfec.jpg,sunny
sunny/images (22).jpg,sunny
sunny/images (34).jpg,sunny
sunny/44540284_401.jpg,sunny
sunny/images - 2020-02-29T164211.290.jpg,sunny
sunny/images (63).jpg,sunny
sunny/13675.jpeg,sunny
sunny/images - 2020-02-29T164327.637.jpg,sunny
sunny/3986918.jpg,sunny
sunny/sun1.jpg,sunny
sunny/warm_sunny_weather_to_start_the_week.jpg,sunny
sunny/depositphotos_295846214_stock_photo_palms_palm_leaves_sunny_weather.jpg,sunny
sunny/10411849.jpg,sunny
sunny/weather.jpg,sunny
sunny/depositphotos_191930298_stock_photo_people_enjoying_the_sunny_weather.jpg,sunny
sunny/image (17).jpg,sunny
sunny/500_F_276905335_OfpBYbq0odqwrqXPoldDv3i03RUTS2bg.jpg,sunny
sunny/summer010.jpg,sunny
sunny/images (99).jpg,sunny
sunny/images (21).jpg,sunny
sunny/images - 2020-02-29T164315.803.jpg,sunny
sunny/16802639_web1_SunnyFarmland1WEB.jpg,sunny
sunny/photo_verybig_197761.jpg,sunny
sunny/images (37).jpg,sunny
sunny/images - 2020-02-29T164307.319.jpg,sunny
sunny/images - 2020-02-29T164054.780.jpg,sunny
sunny/scenic_view_of_lake_and_hills_during_sunny_weather_picture_id1149824343.jpg,sunny
sunny/Island_in_the_sun.jpg,sunny
sunny/images - 2020-02-29T164355.001.jpg,sunny
sunny/Weather_May_Los_Angeles.jpg,sunny
sunny/beautiful_landscape_of_snowy_winter_greater_caucasus_mountains_sunny_weather_trees_clouds_fields_of_.jpg,sunny
sunny/people_enjoy_the_warm_and_sunny_weather_in_greenwich_park_south_on_picture_id955622638.jpg,sunny
sunny/karachi_likely_to_experience_mostly_sunny_weather_on_saturday_1559975155_4525.jpg,sunny
sunny/ruby_rose_enjoys_the_sunny_weather_in_beverly_hills_04.jpg,sunny
sunny/2020_01_05T0322220000.jpg,sunny
sunny/sunnyspelll.jpg,sunny
sunny/images - 2020-02-29T164400.262.jpg,sunny
sunny/images - 2020-02-29T163933.547.jpg,sunny
sunny/images - 2020-02-29T164035.907.jpg,sunny
sunny/images - 2020-02-29T164245.316.jpg,sunny
sunny/some_sunny_weather_by_epicfail23.jpg,sunny
sunny/photo_3.jpg,sunny
sunny/stream_img.jpg,sunny
sunny/people_enjoy_the_sunny_weather_conditions_as_they_sit_on_brighton_on_picture_id666451506.jpg,sunny
sunny/depositphotos_150727824_stock_video_bright_clouds_in_sunny_weather.jpg,sunny
sunny/WP_20150517_20_57_38_Pro.jpg,sunny
sunny/p03pfcm1.jpg,sunny
sunny/summer_2k17_welcome_to.jpg,sunny
sunny/images - 2020-02-29T164317.479.jpg,sunny
sunny/Nauster_side_trip.jpeg,sunny
sunny/8_walks_you_need_to_try_today_to_make_the_most_of_this_sunny_weather (1).jpg,sunny
sunny/images - 2020-02-29T164402.014.jpg,sunny
sunny/images - 2020-02-29T164426.339.jpg,sunny
sunny/DSC_0276.jpg,sunny
sunny/5311673.jpg,sunny
sunny/D246_66_287_1200.jpg,sunny
sunny/IMG_7331.jpeg,sunny
sunny/B061219_459_t670.jpeg,sunny
sunny/IMG_20190515_122002.jpg,sunny
sunny/images - 2020-02-29T164407.224.jpg,sunny
sunny/images - 2020-02-29T164029.066.jpg,sunny
sunny/DSC_0248.jpg,sunny
sunny/winter_slovakia_ski_resort_jasna_in_sunny_weather_ski_slopes_in_the_wooded_mountains_the_sun_shines_.jpg,sunny
sunny/20592275_web1_Langley_Weather_Sun_Clear_Sky_Skies.jpg,sunny
sunny/parksun_425x239.jpg,sunny
sunny/images - 2020-02-29T163957.934.jpg,sunny
sunny/images (77).jpg,sunny
sunny/images - 2020-02-29T164204.530.jpg,sunny
sunny/images (93).jpg,raining
sunny/photo_verybig_199303.jpg,sunny
sunny/images - 2020-02-29T164241.948.jpg,sunny
sunny/people_enjoying_the_sunny_weather_on_teh_beach_at_platja_de_la_barceloneta_barcelona_spain_RFC4W6.jpg,sunny
sunny/photo_verybig_199074.jpg,sunny
sunny/images (46).jpg,sunny
sunny/images (50).jpg,sunny
sunny/images - 2020-02-29T163954.488.jpg,sunny
sunny/images - 2020-02-29T164302.162.jpg,sunny
sunny/depositphotos_191931168_stock_photo_people_enjoying_the_sunny_weather.jpg,sunny
sunny/sunny_weather_gets_the.jpg,sunny
sunny/CRMGOXPQVFFEFIJC555I43UHNE.jpg,sunny
sunny/images (31).jpg,sunny
sunny/16560263_web1_180604_KCN_weather_update.jpg,sunny
sunny/D923_79_004_0004_600.jpg,sunny
sunny/enjoying_the_sunny_weather (1).jpg,sunny
sunny/image (13).jpg,sunny
sunny/seals_enjoy_the_sunny_weather_on_the_beach_at_helgoland_island_in_picture_id1007375970.jpg,sunny
sunny/oh_1b18458f_7f55_4c62_9613_216acaa83c8f.jpg,sunny
sunny/grey_skies_begone_the_sunny_weather_will_return_tomorrow.png,sunny
sunny/people_relax_in_the_hot_and_sunny_weather_in_london_on_may_26_2017_picture_id688694678.jpg,sunny
sunny/october_2018_berlin_autumn_atmosphere_with_sunny_weather_in_the_the_picture_id1052108408.jpg,sunny
sunny/smiling_to_sunshine_enjoying_sunny_weather_positive_mood_finally_sunny_day_is_here_sunny_cute_stock_.jpg,sunny
sunny/PIR02647.jpg,sunny
sunny/cardiff_bay_south_wales_uk_sunny_weather_along_the_waterfront_with_the_pierhead_building_to_the_righ.jpg,sunny
sunny/images - 2020-02-29T164545.505.jpg,sunny
sunny/17905350fa73439cd3ca2326ccbb2efc.jpg,sunny
sunny/1031_nc_sunny_weather_2_1.jpg,sunny
sunny/beach_shot.jpg,sunny
sunny/depositphotos_191929286_stock_photo_people_enjoying_the_sunny_weather.jpg,sunny
